{
  "meta": {
    "platform": "macOS-26.5.1-arm64-arm-64bit-Mach-O",
    "python": "3.14.6",
    "processor": "arm",
    "swarmstate": "0.9.1",
    "iters": 2000,
    "warmup": 200,
    "seed": 7,
    "payload_msgs": 20,
    "note": "SwarmStateSaver and InMemorySaver are in-memory; SqliteSaver is file-backed (persistent). Warm cache.",
    "put_speedup_vs_sqlite": 10.6
  },
  "checkpointer": {
    "SwarmStateSaver": {
      "put": {
        "p50_ms": 0.0068,
        "p99_ms": 0.0147,
        "mean_ms": 0.0072,
        "min_ms": 0.0052,
        "ops_per_s": 138610.6
      },
      "get_tuple": {
        "p50_ms": 0.0085,
        "p99_ms": 0.0132,
        "mean_ms": 0.0086,
        "min_ms": 0.0075,
        "ops_per_s": 116320.8
      }
    },
    "InMemorySaver": {
      "put": {
        "p50_ms": 0.0042,
        "p99_ms": 0.0091,
        "mean_ms": 0.0058,
        "min_ms": 0.004,
        "ops_per_s": 170943.3
      },
      "get_tuple": {
        "p50_ms": 0.0443,
        "p99_ms": 0.1083,
        "mean_ms": 0.0483,
        "min_ms": 0.0412,
        "ops_per_s": 20683.0
      }
    },
    "SqliteSaver": {
      "put": {
        "p50_ms": 0.072,
        "p99_ms": 0.1411,
        "mean_ms": 0.087,
        "min_ms": 0.0581,
        "ops_per_s": 11499.4
      },
      "get_tuple": {
        "p50_ms": 0.0143,
        "p99_ms": 0.0175,
        "mean_ms": 0.0144,
        "min_ms": 0.0137,
        "ops_per_s": 69411.2
      }
    }
  },
  "snapshot": {
    "sizes": [
      100,
      1000,
      10000,
      50000
    ],
    "store_snapshot_ms": [
      0.00044,
      0.00039,
      0.00036,
      0.00038
    ],
    "dict_deepcopy_ms": [
      0.08377,
      0.8439,
      9.16306,
      52.31811
    ]
  },
  "concurrency": {
    "threads": [
      1,
      2,
      4,
      8
    ],
    "store_ops_s": [
      1236180,
      373044,
      192447,
      137784
    ],
    "dict_lock_ops_s": [
      7008271,
      3095990,
      6522714,
      6460916
    ]
  }
}