{
  "meta": {
    "platform": "macOS-26.5.1-arm64-arm-64bit-Mach-O",
    "python": "3.14.6",
    "processor": "arm",
    "swarmstate": "0.5.0",
    "iters": 3000,
    "warmup": 300,
    "seed": 7,
    "payload_msgs": 20,
    "note": "SwarmStateSaver and InMemorySaver are in-memory; SqliteSaver is file-backed (persistent). Warm cache.",
    "put_speedup_vs_sqlite": 10.6
  },
  "checkpointer": {
    "SwarmStateSaver": {
      "put": {
        "p50_ms": 0.006,
        "p99_ms": 0.013,
        "mean_ms": 0.0065,
        "min_ms": 0.005,
        "ops_per_s": 154264.1
      },
      "get_tuple": {
        "p50_ms": 0.0075,
        "p99_ms": 0.0088,
        "mean_ms": 0.0076,
        "min_ms": 0.007,
        "ops_per_s": 132333.1
      }
    },
    "InMemorySaver": {
      "put": {
        "p50_ms": 0.0041,
        "p99_ms": 0.0092,
        "mean_ms": 0.0052,
        "min_ms": 0.0039,
        "ops_per_s": 190635.9
      },
      "get_tuple": {
        "p50_ms": 0.0619,
        "p99_ms": 0.0748,
        "mean_ms": 0.0623,
        "min_ms": 0.0571,
        "ops_per_s": 16054.1
      }
    },
    "SqliteSaver": {
      "put": {
        "p50_ms": 0.0634,
        "p99_ms": 0.1671,
        "mean_ms": 0.0781,
        "min_ms": 0.0528,
        "ops_per_s": 12809.8
      },
      "get_tuple": {
        "p50_ms": 0.0142,
        "p99_ms": 0.0172,
        "mean_ms": 0.0144,
        "min_ms": 0.0138,
        "ops_per_s": 69624.1
      }
    }
  },
  "snapshot": {
    "sizes": [
      100,
      1000,
      10000,
      50000
    ],
    "store_snapshot_ms": [
      0.00027,
      0.0002,
      0.00023,
      0.00022
    ],
    "dict_deepcopy_ms": [
      0.08349,
      0.83757,
      9.0002,
      50.39352
    ]
  },
  "concurrency": {
    "threads": [
      1,
      2,
      4,
      8
    ],
    "store_ops_s": [
      1351473,
      458894,
      177453,
      143842
    ],
    "dict_lock_ops_s": [
      2671654,
      7118810,
      6805241,
      6410572
    ]
  }
}