{
  "meta": {
    "platform": "macOS-26.5.1-arm64-arm-64bit-Mach-O",
    "python": "3.14.6",
    "processor": "arm",
    "swarmstate": "0.6.0",
    "iters": 2000,
    "warmup": 200,
    "seed": 7,
    "payload_msgs": 20,
    "note": "SwarmStateSaver and InMemorySaver are in-memory; SqliteSaver is file-backed (persistent). Warm cache.",
    "put_speedup_vs_sqlite": 11.3
  },
  "checkpointer": {
    "SwarmStateSaver": {
      "put": {
        "p50_ms": 0.0058,
        "p99_ms": 0.013,
        "mean_ms": 0.0064,
        "min_ms": 0.0049,
        "ops_per_s": 155071.5
      },
      "get_tuple": {
        "p50_ms": 0.0077,
        "p99_ms": 0.0089,
        "mean_ms": 0.0077,
        "min_ms": 0.0074,
        "ops_per_s": 129466.7
      }
    },
    "InMemorySaver": {
      "put": {
        "p50_ms": 0.0041,
        "p99_ms": 0.009,
        "mean_ms": 0.0056,
        "min_ms": 0.0038,
        "ops_per_s": 177049.4
      },
      "get_tuple": {
        "p50_ms": 0.0436,
        "p99_ms": 0.0476,
        "mean_ms": 0.0437,
        "min_ms": 0.043,
        "ops_per_s": 22869.3
      }
    },
    "SqliteSaver": {
      "put": {
        "p50_ms": 0.0654,
        "p99_ms": 0.1182,
        "mean_ms": 0.0789,
        "min_ms": 0.0583,
        "ops_per_s": 12667.0
      },
      "get_tuple": {
        "p50_ms": 0.0141,
        "p99_ms": 0.0167,
        "mean_ms": 0.0142,
        "min_ms": 0.0138,
        "ops_per_s": 70285.5
      }
    }
  },
  "snapshot": {
    "sizes": [
      100,
      1000,
      10000,
      50000
    ],
    "store_snapshot_ms": [
      0.00045,
      0.00036,
      0.00036,
      0.0004
    ],
    "dict_deepcopy_ms": [
      0.08655,
      0.83133,
      8.88153,
      50.12565
    ]
  },
  "concurrency": {
    "threads": [
      1,
      2,
      4,
      8
    ],
    "store_ops_s": [
      1264472,
      399319,
      185561,
      137858
    ],
    "dict_lock_ops_s": [
      6921164,
      3314299,
      6722430,
      6507769
    ]
  }
}